<beans xmlns = "http://www.springframework.org/schema/beans"
   xmlns:context = "http://www.springframework.org/schema/context"
   xmlns:mvc = "http://www.springframework.org/schema/mvc"
   xmlns:xsi = "http://www.w3.org/2001/XMLSchema-instance"
   xsi:schemaLocation = "http://www.springframework.org/schema/beans     
   http://www.springframework.org/schema/beans/spring-beans-3.0.xsd
   http://www.springframework.org/schema/context 
   http://www.springframework.org/schema/context/spring-context-3.0.xsd
   http://www.springframework.org/schema/mvc
   http://www.springframework.org/schema/mvc/spring-mvc.xsd">

   <context:component-scan base-package = "com.niit.*"/>

   <bean class = "org.springframework.web.servlet.view.InternalResourceViewResolver">
      <property name = "prefix" value = "/WEB-INF/views/"/>
      <property name = "suffix" value = ".jsp"/>
   </bean>
   <bean id="multipartResolver" class="org.springframework.web.multipart.commons.CommonsMultipartResolver">
  
    <property name="maxUploadSize" value="2097152 "/>
</bean>
 <mvc:resources location="/resources/" mapping="/resources/**"></mvc:resources>
 <mvc:annotation-driven></mvc:annotation-driven>

</beans>